drink,location
Cola,East
Cola,East
Cola,East
Cola,East
Cola,East
Cola,East
Cola,East
Cola,East
Cola,East
Cola,East
Cola,East
Cola,East
Cola,East
Cola,East
Cola,East
Cola,East
Cola,East
Cola,East
Cola,East
Cola,East
Cola,East
Cola,East
Cola,East
Cola,East
Cola,East
Cola,East
Cola,East
Cola,East
Cola,West
Cola,West
Cola,West
Cola,West
Cola,West
Cola,West
Cola,West
Cola,West
Cola,West
Cola,West
Cola,West
Cola,West
Cola,West
Cola,West
Cola,West
Cola,West
Cola,West
Cola,West
Cola,West
Orange,East
Orange,East
Orange,East
Orange,East
Orange,East
Orange,East
Orange,West
Orange,West
Orange,West
Orange,West
Orange,West
Orange,West
Orange,West
